model,ece,brier_score,avg_confidence,avg_accuracy,overconfidence
gpt-4o,,0.056197978596908435,0.9824613555291319,0.9417360285374554,0.040725326991676525
gpt-4o-mini,,0.09457692307692306,0.9486982248520709,0.8982248520710059,0.05047337278106501
gpt-3.5-turbo,,0.08014722222222223,0.9926111111111111,0.92,0.07261111111111107
